,Prediction
newsadvance.com,2
hometownstations.com,2
hometownstations.com,2
hometownstations.com,2
mycentraljersey.com,1
thedailycitizen.com,1
kxlh.com,2
mashable.com,1
nbclosangeles.com,2
hitc.com,1
dglobe.com,3
thehill.com,1
livemint.com,1
kshb.com,2
coloradopolitics.com,1
goerie.com,2
digitaljournal.com,3
koat.com,2
dawn.com,3
wwltv.com,2
wthr.com,2
wcnc.com,2
rollingstone.com,1
thehindubusinessline.com,3
walesonline.co.uk,2
business2community.com,1
bridgwatermercury.co.uk,2
dispatch.com,1
annistonstar.com,1
wlky.com,2
tucson.com,2
thenationalherald.com,4
aei.org,4
ndtv.com,1
koreaherald.com,1
12news.com,2
12news.com,2
12news.com,2
wral.com,2
sbs.com.au,3
krtv.com,2
kion546.com,2
wvasfm.org,1
stamfordadvocate.com,1
wtsp.com,2
fox6now.com,2
sourcenm.com,1
9news.com.au,3
crooksandliars.com,0
americanthinker.com,4
fox4news.com,2
kens5.com,2
abc12.com,2
ladysmithchronicle.com,1
my9nj.com,2
dailyprogress.com,2
esquire.com,0
dl-online.com,1
howstuffworks.com,1
wdrb.com,2
wqad.com,2
allafrica.com,2
globegazette.com,2
china.org.cn,1
godanriver.com,2
bridportnews.co.uk,2
inforum.com,3
dailyjournal.net,2
kob.com,2
kvoa.com,2
investmentwatchblog.com,4
brainerddispatch.com,3
argusleader.com,1
courierpostonline.com,1
apr.org,1
apr.org,1
apr.org,1
ynetnews.com,1
gadsdentimes.com,1
ktvh.com,2
petoskeynews.com,1
brentwoodlive.co.uk,2
nola.com,1
wsiltv.com,2
kansasreflector.com,0
dailysignal.com,3
texastribune.org,0
heraldpalladium.com,3
heraldpalladium.com,3
afr.com,3
wlfi.com,2
vladtv.com,1
kpvi.com,2
thenational.scot,1
12news.com,2
12news.com,2
12news.com,2
abcactionnews.com,2
newscentermaine.com,2
gazette.com,3
irishtimes.com,1
kxly.com,2
news.cn,1
agassizharrisonobserver.com,1
wthitv.com,2
insideedition.com,2
kvia.com,2
bicesteradvertiser.net,2
theconservativetreehouse.com,4
sj-r.com,2
kezi.com,2
business-standard.com,3
wtxl.com,2
ground.news,3
patriotpost.us,4
breakingdefense.com,3
cbsnews.com,2
columbiatribune.com,2
fox13now.com,2
euronews.com,1
kvue.com,2
wishtv.com,2
khou.com,2
pressofatlanticcity.com,2
calgarysun.com,3
fox32chicago.com,2
israelnationalnews.com,1
ktvu.com,2
citizensvoice.com,2
qz.com,1
times-news.com,1
vaildaily.com,2
politico.com,1
athensmessenger.com,2
news8000.com,2
krem.com,2
jordantimes.com,1
freebeacon.com,4
nationalinterest.org,3
bracknellnews.co.uk,2
dupagepolicyjournal.com,0
yorknewstimes.com,2
usatoday.com,1
poststar.com,2
oklahoman.com,1
bournemouthecho.co.uk,2
king5.com,2
king5.com,2
news-journal.com,3
dailyrecord.co.uk,2
wnyt.com,2
bridgemi.com,2
geo.tv,1
wfmz.com,2
bearingarms.com,4
csmonitor.com,1
forward.com,1
tampafp.com,4
upr.org,1
wmtw.com,2
greenleft.org.au,3
nbcwashington.com,2
wxow.com,2
al-monitor.com,1
therepublic.com,2
cbs19.tv,2
amestrib.com,1
tass.com,2
wdio.com,2
historynewsnetwork.org,0
nptelegraph.com,2
pulse.ng,3
malaysiakini.com,3
mcall.com,3
towleroad.com,1
edmontonjournal.com,3
rnz.co.nz,1
kagstv.com,2
theregister.com,2
newswest9.com,2
wtkr.com,2
wpbf.com,2
kcra.com,2
thehindu.com,3
nation.africa,1
businesslive.co.za,3
kesq.com,2
currentargus.com,1
fox29.com,2
nbcmiami.com,1
greenfieldreporter.com,2
bgdailynews.com,1
effinghamdailynews.com,1
indiatoday.in,3
krdo.com,2
tnonline.com,1
wusa9.com,2
lasvegassun.com,1
kentuckynewera.com,1
birminghammail.co.uk,1
strategypage.com,2
chicagotribune.com,1
idahopress.com,2
courant.com,1
thejournal.ie,2
republic-online.com,3
nbcnewyork.com,2
beatricedailysun.com,2
keysnews.com,1
wsws.org,0
andoveradvertiser.co.uk,2
lewrockwell.com,4
huffpost.com,0
erienewsnow.com,2
erienewsnow.com,2
japantoday.com,1
gothamist.com,1
thetelegraphandargus.co.uk,2
hometownstations.com,2
hometownstations.com,2
hometownstations.com,2
kare11.com,2
redstate.com,4
thedailybeast.com,0
rescue.org,2
yorkdispatch.com,1
thelocal.no,1
hopestandard.com,1
thedenverchannel.com,2
thedenverchannel.com,2
theunion.com,2
jamestownsun.com,3
newsweek.com,1
vancouversun.com,3
newspressnow.com,2
newspressnow.com,2
newspressnow.com,2
thetandd.com,2
aceshowbiz.com,3
arktimes.com,2
city-journal.org,0
berkshireeagle.com,2
chinadaily.com.cn,1
channel3000.com,2
wzzm13.com,2
concordmonitor.com,1
thv11.com,2
ksl.com,2
fbherald.com,2
publicnewsservice.org,1
amren.com,0
insideevs.com,1
braintreeandwithamtimes.co.uk,2
elpasotimes.com,1
thedenverchannel.com,2
thedailystar.com,1
unionleader.com,3
wfmynews2.com,2
summitdaily.com,2
spectator.co.uk,1
themarysue.com,0
uticaod.com,1
winchesterstar.com,1
corsicanadailysun.com,1
turnto23.com,2
gazettenet.com,1
democratherald.com,2
wgal.com,2
thesun.co.uk,4
greenbaypressgazette.com,2
abc17news.com,2
haaretz.com,1
bangkokpost.com,3
menshealth.com,1
marketwatch.com,3
ctpost.com,1
rferl.org,2
penncapital-star.com,0
redding.com,1
hindustantimes.com,1
durangoherald.com,2
nydailynews.com,1
13wmaz.com,2
thewrap.com,4
albawaba.com,1
ksbw.com,2
theweek.com,2
nation.com.pk,3
goshennews.com,1
phillyvoice.com,1
valdostadailytimes.com,1
koco.com,2
niagara-gazette.com,1
news-leader.com,1
dailymaverick.co.za,2
newsbusters.org,4
wisn.com,2
thenation.com,0
ecowatch.com,0
latimes.com,1
ktvz.com,2
whitehouse.gov,1
northjersey.com,2
wicz.com,2
capitalgazette.com,1
middleeasteye.net,1
kpax.com,2
wvtm13.com,2
fox2detroit.com,2
dmagazine.com,2
fox10phoenix.com,2
12news.com,2
columbian.com,2
thetab.com,1
timeslive.co.za,3
wnep.com,2
atlantablackstar.com,1
mynorthwest.com,2
greensburgdailynews.com,1
crainsdetroit.com,2
heraldscotland.com,1
whas11.com,2
fox5dc.com,2
axios.com,1
dentonrc.com,2
chippewa.com,2
khits.com,2
scotsman.com,1
leicestermercury.co.uk,2
westerlynews.ca,1
theatlantic.com,1
newspressnow.com,2
independenttribune.com,2
aldianews.com,0
thebulltulsa.com,2
cjonline.com,1
bdtonline.com,1
abovethelaw.com,1
arkansasonline.com,3
thetyee.ca,1
fox5ny.com,2
thewire.in,1
kxxv.com,2
floridapolitics.com,2
bloomberg.com,2
bismarcktribune.com,2
nbcdfw.com,1
cnn.com,2
ohiocapitaljournal.com,0
kyma.com,2
tcpalm.com,1
ktbs.com,2
houmatoday.com,1
wcpo.com,2
barryanddistrictnews.co.uk,2
hometownstations.com,2
swvatoday.com,2
wkbw.com,2
rte.ie,2
greanvillepost.com,0
newspressnow.com,2
castanet.net,3
taiwannews.com.tw,1
moultrieobserver.com,1
telegraph.co.uk,4
wkyc.com,2
summitdaily.com,2
nwfdailynews.com,2
fox35orlando.com,2
king5.com,2
medium.com,1
windsorstar.com,3
nbcdfw.com,1
monroenews.com,1
freerepublic.com,4
nonpareilonline.com,2
postindependent.com,2
lamag.com,1
straitstimes.com,3
mesabitribune.com,1
heraldmailmedia.com,1
scmp.com,1
abqjournal.com,1
manilatimes.net,3
msn.com,2
khaleejtimes.com,3
i24news.tv,1
aol.com,1
newsandtribune.com,1
idahostatejournal.com,3
wlwt.com,2
governing.com,1
apr.org,1
modernhealthcare.com,2
tennessean.com,1
ktvb.com,2
thedigitalcourier.com,3
apnews.com,1
antiwar.com,3
wesh.com,2
greensboro.com,2
theledger.com,1
independentsentinel.com,4
gloucestertimes.com,1
thestreet.com,3
wmur.com,2
eagletribune.com,1
grandrapidsmn.com,1
newspressnow.com,2
tulsaworld.com,2
kitv.com,2
rasmussenreports.com,3
lohud.com,1
journalstar.com,2
frontiersman.com,3
abc17news.com,2
borehamwoodtimes.co.uk,2
naturalnews.com,4
chalkbeat.org,1
deccanherald.com,3
bryantimes.com,3
americamagazine.org,1
newstalkzb.co.nz,4
hickoryrecord.com,2
leadertelegram.com,1
bigcountry995.com,2
grandforksherald.com,3
trib.com,2
phnompenhpost.com,3
hotair.com,3
11alive.com,2
messenger-inquirer.com,3
wtol.com,2
12newsnow.com,2
india.com,3
katc.com,2
hollandsentinel.com,1
indiatimes.com,3
10tv.com,2
couriernews.com,1
newrepublic.com,0
northkoreatimes.com,3
economist.com,1
arizonadailyindependent.com,4
fox13news.com,2
localmemphis.com,2
japantimes.co.jp,1
mcdowellnews.com,2
fool.com,3
counterpunch.org,0
lenconnect.com,1
apr.org,1
law360.com,2
wogx.com,2
tribstar.com,1
darientimes.com,1
desmoinesregister.com,2
monitor.co.ug,3
nbcdfw.com,1
vox.com,0
nationalmemo.com,0
engadget.com,1
jacksonville.com,1
deccanchronicle.com,3
whec.com,2
duluthnewstribune.com,3
winnipegfreepress.com,3
newsargus.com,3
the-sun.com,4
ktvb.com,2
azdailysun.com,2
timesofisrael.com,1
mainichi.jp,1
blackenterprise.com,1
firstcoastnews.com,2
lompocrecord.com,2
kdlg.org,1
smh.com.au,3
christianitytoday.com,3
sanfordherald.com,3
newspressnow.com,2
seacoastonline.com,1
bdnews24.com,1
journalgazette.net,2
kiplinger.com,2
fredericknewspost.com,2
journaltimes.com,2
fox5atlanta.com,2
newstimes.com,1
gazettetimes.com,2
caledoniacourier.com,1
geekwire.com,2
kearneyhub.com,2
oskaloosa.com,1
courthousenews.com,1
africanews.com,1
foxbusiness.com,3
wptv.com,2
today.com,1
nbcnews.com,2
cp24.com,2
kyuk.org,1
kgw.com,2
lethbridgeherald.com,1
columbustelegram.com,2
statesman.com,1
njherald.com,1
latestly.com,3
wgrz.com,2
q13fox.com,2
desertsun.com,1
burytimes.co.uk,2
torontosun.com,3
defenseone.com,2
king5.com,2
starherald.com,2
news.com.au,3
wptv.com,2
townhall.com,4
abc10.com,2
enewscourier.com,1
batimes.com.ar,3
ebar.com,0
theverge.com,1
ocala.com,1
thedenverchannel.com,2
dailypress.com,1
wcfcourier.com,2
theage.com.au,3
goodmenproject.com,1
palmbeachpost.com,1
denvergazette.com,3
worldcrunch.com,1
recordnet.com,2
thecentersquare.com,3
theamericanconservative.com,3
gainesville.com,1
investing.com,1
wptv.com,2
therightscoop.com,4
lmtonline.com,3
summitdaily.com,2
newspressnow.com,2
echopress.com,3
nationalpost.com,3
govexec.com,1
techspot.com,2
heritage.org,4
mirror.co.uk,1
nbcdfw.com,1
dailycaller.com,4
ansa.it,1
bemidjipioneer.com,3
ottumwacourier.com,1
spectrumnews1.com,2
lancasteronline.com,2
edmontonsun.com,3
dailymail.co.uk,1
thedailyjournal.com,1
basingstokegazette.co.uk,2
hiawathaworldonline.com,1
wionews.com,1
pressdemocrat.com,1
scnow.com,2
northislandgazette.com,1
zerohedge.com,1
northwestsignal.net,3
martinsvillebulletin.com,2
thediplomat.com,1
nwaonline.com,2
dailydot.com,0
lakegenevanews.net,2
thesouthern.com,2
theweek.co.uk,1
lex18.com,2
bignewsnetwork.com,3
voanews.com,2
dailymontanan.com,0
wvpublic.org,2
dailytelegraph.com.au,3
summitdaily.com,2
elkodaily.com,2
billingsgazette.com,2
magicvalley.com,2
journalnow.com,2
shorenewsnetwork.com,4
southwalesargus.co.uk,2
thefederalist.com,4
tdn.com,2
kokomotribune.com,1
erienewsnow.com,2
heraldcourier.com,2
foxla.com,2
newser.com,1
galvnews.com,1
businessinsider.com,1
thedickinsonpress.com,3
burnhamandhighbridgeweeklynews.co.uk,2
dailyrecord.com,1
dailycommercial.com,1
muscatinejournal.com,2
focustaiwan.tw,1
weny.com,2
fremonttribune.com,2
moneytalksnews.com,1
reporter.net,1
nhk.or.jp,1
rep-am.com,3
ncnewsonline.com,2
kristv.com,2
wbir.com,2
rappler.com,1
wbaltv.com,2
ctvnews.ca,2
vcstar.com,1
lifenews.com,4
echo-news.co.uk,2
baltimoresun.com,1
newspressnow.com,2
joe.ie,1
ravallirepublic.com,2
washingtontimes.com,4
fox26houston.com,2
bozemandailychronicle.com,2
pantagraph.com,2
mynbc5.com,2
standardmedia.co.ke,3
heraldpalladium.com,3
wyff4.com,2
winknews.com,2
heraldsun.com.au,3
wapt.com,2
aljazeera.com,1
knoxnews.com,2
apr.org,1
thenews.com.pk,1
talkingpointsmemo.com,0
morganton.com,2
clintonherald.com,1
civilbeat.org,1
10news.com,2
hrw.org,1
news24.com,2
kiiitv.com,2
citizen-times.com,1
wfaa.com,2
deseret.com,3
wtae.com,2
wctrib.com,3
oilprice.com,3
postregister.com,1
dothaneagle.com,2
rawstory.com,0
hometownstations.com,2
bromsgroveadvertiser.co.uk,2
herald-review.com,2
infowars.com,4
ketv.com,2
montrealgazette.com,3
12news.com,2
erienewsnow.com,2
skynews.com.au,4
ksby.com,2
atlanticcouncil.org,3
12news.com,2
investors.com,4
record-eagle.com,1
crossville-chronicle.com,1
fox17online.com,2
nwitimes.com,2
thenorthernecho.co.uk,2
apr.org,1
janes.com,2
irrawaddy.com,1
theindependent.com,2
wtop.com,2
abc17news.com,2
gmanetwork.com,1
nhregister.com,1
cincinnati.com,1
kcci.com,2
waaytv.com,2
kxlf.com,2
wltx.com,2
heraldbulletin.com,1
burlingtoncountytimes.com,1
tylerpaper.com,3
financialpost.com,3
4029tv.com,2
lubbockonline.com,3
kcentv.com,2
iowacapitaldispatch.com,0
news.err.ee,1
vvdailypress.com,1
commercial-news.com,1
hometownstations.com,2
oanow.com,2
wdsu.com,2
cbs8.com,2
ammoland.com,4
stardem.com,1
hjnews.com,2
twitchy.com,4
fox7austin.com,2
ktvq.com,2
novinite.com,1
oxfordmail.co.uk,2
wxyz.com,2
slate.com,0
myrecordjournal.com,2
freep.com,1
apr.org,1
cumberlink.com,2
the-messenger.com,1
vindy.com,2
bringmethenews.com,2
bucksfreepress.co.uk,2
nationalobserver.com,1
washingtonpost.com,1
valuewalk.com,3
virginiamercury.com,1
timescolonist.com,3
edp24.co.uk,2
wcvb.com,2
theeagle.com,2
ibtimes.com,4
mitchellrepublic.com,3
amarillo.com,2
timesunion.com,1
nbcchicago.com,1
wtva.com,2
wandtv.com,2
somerset-kentucky.com,1
press-citizen.com,1
9news.com,2
jpost.com,1
winonadailynews.com,2
forbes.com,3
kcrw.com,1
theguardian.com,1
politico.eu,1
lebanon-express.com,2
koaa.com,2
keyt.com,2
abc17news.com,2
newschannel5.com,2
postandcourier.com,3
parkrapidsenterprise.com,3
realclearpolitics.com,3
kuow.org,1
kdrv.com,2
euobserver.com,1
thehawkeye.com,1
dorsetecho.co.uk,2
lansingstatejournal.com,2
mb.com.ph,3
newyorker.com,0
newsherald.com,1
auburnpub.com,2
localnews8.com,2
capitolfax.com,2
theadvocate.com,1
azcentral.com,1
consortiumnews.com,0
indystar.com,2
nytimes.com,1
politics.co.uk,1
boston.com,1
ktvb.com,2
bordertelegraph.com,2
herald-dispatch.com,2
mediaite.com,0
newson6.com,2
fox61.com,2
wtvr.com,2
pharostribune.com,1
cosmopolitan.com,0
thestranger.com,1
lexch.com,2
kmbc.com,2
helenair.com,2
athensreview.com,1
tahoedailytribune.com,2
truthout.org,0
heraldpalladium.com,3
nbcphiladelphia.com,2
christianpost.com,4
fredericksburg.com,2
mycouriertribune.com,3
hanfordsentinel.com,2
irishmirror.ie,1
lacrossetribune.com,2
breitbart.com,4
wxii12.com,2
crainscleveland.com,2
wacotrib.com,2
kaaltv.com,2
eastidahonews.com,2
wptv.com,2
suncommercial.com,3
ktvb.com,2
wahoo-ashland-waverly.com,2
qconline.com,2
13newsnow.com,2
kimt.com,2
globaltimes.cn,1
bizpacreview.com,4
americanfreepress.net,4
jewishjournal.com,3
mediamatters.org,0
jta.org,2
indiatvnews.com,3
dailyherald.com,1
ksdk.com,2
commercialappeal.com,1
lcsun-news.com,1
boingboing.net,0
wvgazettemail.com,1
kstp.com,2
buffalonews.com,1
santafenewmexican.com,1
koreatimes.co.kr,1
delawareonline.com,1
thegazette.com,3
democracynow.org,0
apr.org,1
armstrongeconomics.com,4
trtworld.com,1
abc15.com,2
dailyjournalonline.com,2
enidnews.com,1
